cloud_name,region_name,instance_type,vcpu_count,memory_gb,on_demand_price
GCP,asia-northeast1,a2-highgpu-1g,12,85,0.948031
GCP,asia-northeast1,a2-highgpu-2g,24,170,1.896062
GCP,asia-northeast1,a2-highgpu-4g,48,340,3.792124
GCP,asia-northeast1,a2-highgpu-8g,96,680,7.584248
GCP,asia-northeast1,e2-highcpu-16,16,16,0.508248
GCP,asia-northeast1,e2-highcpu-2,2,2,0.063531
GCP,asia-northeast1,e2-highcpu-32,32,32,1.016497
GCP,asia-northeast1,e2-highcpu-4,4,4,0.127062
GCP,asia-northeast1,e2-highcpu-8,8,8,0.254124
GCP,asia-northeast1,e2-highmem-16,16,128,0.927029
GCP,asia-northeast1,e2-highmem-2,2,16,0.115879
GCP,asia-northeast1,e2-highmem-4,4,32,0.231757
GCP,asia-northeast1,e2-highmem-8,8,64,0.463514
GCP,asia-northeast1,e2-medium,2,4,0.071009
GCP,asia-northeast1,e2-micro,2,1,0.059792
GCP,asia-northeast1,e2-small,2,2,0.063531
GCP,asia-northeast1,e2-standard-16,16,64,0.687726
GCP,asia-northeast1,e2-standard-2,2,8,0.085966
GCP,asia-northeast1,e2-standard-32,32,128,1.375452
GCP,asia-northeast1,e2-standard-4,4,16,0.171931
GCP,asia-northeast1,e2-standard-8,8,32,0.343863
GCP,asia-northeast1,n1-highcpu-16,16,14,0.727924
GCP,asia-northeast1,n1-highcpu-2,2,1,0.090989
GCP,asia-northeast1,n1-highcpu-32,32,28,1.455842
GCP,asia-northeast1,n1-highcpu-4,4,3,0.181978
GCP,asia-northeast1,n1-highcpu-64,64,57,2.911684
GCP,asia-northeast1,n1-highcpu-8,8,7,0.363962
GCP,asia-northeast1,n1-highcpu-96,96,86,4.367532
GCP,asia-northeast1,n1-highmem-16,16,104,1.213464
GCP,asia-northeast1,n1-highmem-2,2,13,0.151683
GCP,asia-northeast1,n1-highmem-32,32,208,2.426928
GCP,asia-northeast1,n1-highmem-4,4,26,0.303366
GCP,asia-northeast1,n1-highmem-64,64,416,4.853856
GCP,asia-northeast1,n1-highmem-8,8,52,0.606732
GCP,asia-northeast1,n1-highmem-96,96,624,7.280784
GCP,asia-northeast1,n1-megamem-96,96,1433,11.668004
GCP,asia-northeast1,n1-standard-1,1,3,0.060939
GCP,asia-northeast1,n1-standard-16,16,60,0.975028
GCP,asia-northeast1,n1-standard-2,2,7,0.121879
GCP,asia-northeast1,n1-standard-32,32,120,1.950056
GCP,asia-northeast1,n1-standard-4,4,15,0.243757
GCP,asia-northeast1,n1-standard-64,64,240,3.900112
GCP,asia-northeast1,n1-standard-8,8,30,0.487514
GCP,asia-northeast1,n1-standard-96,96,360,5.850168
GCP,asia-northeast1,n1-ultramem-160,160,3844,27.329516
GCP,asia-northeast1,n1-ultramem-40,40,961,6.832379
GCP,asia-northeast1,n1-ultramem-80,80,1922,13.664758
GCP,asia-northeast1,n2-highcpu-16,16,16,0.736592
GCP,asia-northeast1,n2-highcpu-2,2,2,0.092074
GCP,asia-northeast1,n2-highcpu-32,32,32,1.473184
GCP,asia-northeast1,n2-highcpu-4,4,4,0.184148
GCP,asia-northeast1,n2-highcpu-48,48,48,2.209776
GCP,asia-northeast1,n2-highcpu-64,64,64,2.946368
GCP,asia-northeast1,n2-highcpu-8,8,8,0.368296
GCP,asia-northeast1,n2-highcpu-80,80,80,3.68296
GCP,asia-northeast1,n2-highcpu-96,96,96,4.419552
GCP,asia-northeast1,n2-highmem-128,128,864,9.88112
GCP,asia-northeast1,n2-highmem-16,16,128,1.34352
GCP,asia-northeast1,n2-highmem-2,2,16,0.16794
GCP,asia-northeast1,n2-highmem-32,32,256,2.68704
GCP,asia-northeast1,n2-highmem-4,4,32,0.33588
GCP,asia-northeast1,n2-highmem-48,48,384,4.03056
GCP,asia-northeast1,n2-highmem-64,64,512,5.37408
GCP,asia-northeast1,n2-highmem-8,8,64,0.67176
GCP,asia-northeast1,n2-highmem-80,80,640,6.7176
GCP,asia-northeast1,n2-highmem-96,96,768,8.06112
GCP,asia-northeast1,n2-standard-128,128,512,7.973632
GCP,asia-northeast1,n2-standard-16,16,64,0.996704
GCP,asia-northeast1,n2-standard-2,2,8,0.124588
GCP,asia-northeast1,n2-standard-32,32,128,1.993408
GCP,asia-northeast1,n2-standard-4,4,16,0.249176
GCP,asia-northeast1,n2-standard-48,48,192,2.990112
GCP,asia-northeast1,n2-standard-64,64,256,3.986816
GCP,asia-northeast1,n2-standard-8,8,32,0.498352
GCP,asia-northeast1,n2-standard-80,80,320,4.98352
GCP,asia-northeast1,n2-standard-96,96,384,5.980224
GCP,asia-northeast1,c3-highcpu-176,176,352,9.611693
GCP,asia-northeast1,c3-highcpu-22,22,44,1.201462
GCP,asia-northeast1,c3-highcpu-4,4,8,0.218448
GCP,asia-northeast1,c3-highcpu-44,44,88,2.402923
GCP,asia-northeast1,c3-highcpu-8,8,16,0.436895
GCP,asia-northeast1,c3-highcpu-88,88,176,4.805846
GCP,asia-northeast1,c3-highmem-176,176,1408,14.952075
GCP,asia-northeast1,c3-highmem-22,22,176,1.869009
GCP,asia-northeast1,c3-highmem-4,4,32,0.33982
GCP,asia-northeast1,c3-highmem-44,44,352,3.738019
GCP,asia-northeast1,c3-highmem-8,8,64,0.67964
GCP,asia-northeast1,c3-highmem-88,88,704,7.476037
GCP,asia-northeast1,c3-standard-176,176,704,11.39182
GCP,asia-northeast1,c3-standard-176-lssd,176,704,11.39182
GCP,asia-northeast1,c3-standard-22,22,88,1.423977
GCP,asia-northeast1,c3-standard-22-lssd,22,88,1.423977
GCP,asia-northeast1,c3-standard-4,4,16,0.258905
GCP,asia-northeast1,c3-standard-4-lssd,4,16,0.258905
GCP,asia-northeast1,c3-standard-44,44,176,2.847955
GCP,asia-northeast1,c3-standard-44-lssd,44,176,2.847955
GCP,asia-northeast1,c3-standard-8,8,32,0.51781
GCP,asia-northeast1,c3-standard-8-lssd,8,32,0.51781
GCP,asia-northeast1,c3-standard-88,88,352,5.69591
GCP,asia-northeast1,c3-standard-88-lssd,88,352,5.69591
GCP,asia-southeast1,c3-highcpu-176,176,352,9.233722
GCP,asia-southeast1,c3-highcpu-192-metal,192,512,10.695015
GCP,asia-southeast1,c3-highcpu-22,22,44,1.154215
GCP,asia-southeast1,c3-highcpu-4,4,8,0.209857
GCP,asia-southeast1,c3-highcpu-44,44,88,2.308431
GCP,asia-southeast1,c3-highcpu-8,8,16,0.419715
GCP,asia-southeast1,c3-highcpu-88,88,176,4.616861
GCP,asia-southeast1,c3-highmem-176,176,1408,14.364097
GCP,asia-southeast1,c3-highmem-192-metal,192,1536,15.669924
GCP,asia-southeast1,c3-highmem-22,22,176,1.795512
GCP,asia-southeast1,c3-highmem-4,4,32,0.326457
GCP,asia-southeast1,c3-highmem-44,44,352,3.591024
GCP,asia-southeast1,c3-highmem-8,8,64,0.652914
GCP,asia-southeast1,c3-highmem-88,88,704,7.182049
GCP,asia-southeast1,c3-standard-176,176,704,10.943847
GCP,asia-southeast1,c3-standard-176-lssd,176,704,10.943847
GCP,asia-southeast1,c3-standard-192-metal,192,768,11.938742
GCP,asia-southeast1,c3-standard-22,22,88,1.367981
GCP,asia-southeast1,c3-standard-22-lssd,22,88,1.367981
GCP,asia-southeast1,c3-standard-4,4,16,0.248724
GCP,asia-southeast1,c3-standard-4-lssd,4,16,0.248724
GCP,asia-southeast1,c3-standard-44,44,176,2.735962
GCP,asia-southeast1,c3-standard-44-lssd,44,176,2.735962
GCP,asia-southeast1,c3-standard-8,8,32,0.497448
GCP,asia-southeast1,c3-standard-8-lssd,8,32,0.497448
GCP,asia-southeast1,c3-standard-88,88,352,5.471924
GCP,asia-southeast1,c3-standard-88-lssd,88,352,5.471924
GCP,asia-southeast1,c3d-highcpu-16,16,32,0.739845
GCP,asia-southeast1,c3d-highcpu-180,180,354,8.29395
GCP,asia-southeast1,c3d-highcpu-30,30,59,1.382325
GCP,asia-southeast1,c3d-highcpu-360,360,708,16.5879
GCP,asia-southeast1,c3d-highcpu-4,4,8,0.184961
GCP,asia-southeast1,c3d-highcpu-60,60,118,2.76465
GCP,asia-southeast1,c3d-highcpu-8,8,16,0.369922
GCP,asia-southeast1,c3d-highcpu-90,90,177,4.146975
GCP,asia-southeast1,c3d-highmem-16,16,128,1.20873
GCP,asia-southeast1,c3d-highmem-16-lssd,16,128,1.20873
GCP,asia-southeast1,c3d-highmem-180,180,1440,13.598211
GCP,asia-southeast1,c3d-highmem-180-lssd,180,1440,13.598211
GCP,asia-southeast1,c3d-highmem-30,30,240,2.266368
GCP,asia-southeast1,c3d-highmem-30-lssd,30,240,2.266368
GCP,asia-southeast1,c3d-highmem-360,360,2880,27.196421
GCP,asia-southeast1,c3d-highmem-360-lssd,360,2880,27.196421
GCP,asia-southeast1,c3d-highmem-4,4,32,0.302182
GCP,asia-southeast1,c3d-highmem-60,60,480,4.532737
GCP,asia-southeast1,c3d-highmem-60-lssd,60,480,4.532737
GCP,asia-southeast1,c3d-highmem-8,8,64,0.604365
GCP,asia-southeast1,c3d-highmem-8-lssd,8,64,0.604365
GCP,asia-southeast1,c3d-highmem-90,90,720,6.799105
GCP,asia-southeast1,c3d-highmem-90-lssd,90,720,6.799105
GCP,asia-southeast1,c3d-standard-16,16,64,0.89614
GCP,asia-southeast1,c3d-standard-16-lssd,16,64,0.89614
GCP,asia-southeast1,c3d-standard-180,180,720,10.081574
GCP,asia-southeast1,c3d-standard-180-lssd,180,720,10.081574
GCP,asia-southeast1,c3d-standard-30,30,120,1.680262
GCP,asia-southeast1,c3d-standard-30-lssd,30,120,1.680262
GCP,asia-southeast1,c3d-standard-360,360,1440,20.163147
GCP,asia-southeast1,c3d-standard-360-lssd,360,1440,20.163147
GCP,asia-southeast1,c3d-standard-4,4,16,0.224035
GCP,asia-southeast1,c3d-standard-60,60,240,3.360525
GCP,asia-southeast1,c3d-standard-60-lssd,60,240,3.360525
GCP,asia-southeast1,c3d-standard-8,8,32,0.44807
GCP,asia-southeast1,c3d-standard-8-lssd,8,32,0.44807
GCP,asia-southeast1,c3d-standard-90,90,360,5.040787
GCP,asia-southeast1,c3d-standard-90-lssd,90,360,5.040787
GCP,asia-southeast1,e2-highcpu-16,16,16,0.488244
GCP,asia-southeast1,e2-highcpu-2,2,2,0.061031
GCP,asia-southeast1,e2-highcpu-32,32,32,0.976488
GCP,asia-southeast1,e2-highcpu-4,4,4,0.122061
GCP,asia-southeast1,e2-highcpu-8,8,8,0.244122
GCP,asia-southeast1,e2-highmem-16,16,128,0.892109
GCP,asia-southeast1,e2-highmem-2,2,16,0.111514
GCP,asia-southeast1,e2-highmem-4,4,32,0.223027
GCP,asia-southeast1,e2-highmem-8,8,64,0.446055
GCP,asia-southeast1,e2-medium,2,4,0.068242
GCP,asia-southeast1,e2-micro,2,1,0.057425
GCP,asia-southeast1,e2-small,2,2,0.061031
GCP,asia-southeast1,e2-standard-16,16,64,0.661329
GCP,asia-southeast1,e2-standard-2,2,8,0.082666
GCP,asia-southeast1,e2-standard-32,32,128,1.322658
GCP,asia-southeast1,e2-standard-4,4,16,0.165332
GCP,asia-southeast1,e2-standard-8,8,32,0.330665
GCP,asia-southeast1,n1-highcpu-16,16,14,0.69924
GCP,asia-southeast1,n1-highcpu-2,2,1,0.087404
GCP,asia-southeast1,n1-highcpu-32,32,28,1.398476
GCP,asia-southeast1,n1-highcpu-4,4,3,0.174808
GCP,asia-southeast1,n1-highcpu-64,64,57,2.796952
GCP,asia-southeast1,n1-highcpu-8,8,7,0.34962
GCP,asia-southeast1,n1-highcpu-96,96,86,4.195432
GCP,asia-southeast1,n1-highmem-16,16,104,1.167488
GCP,asia-southeast1,n1-highmem-2,2,13,0.145936
GCP,asia-southeast1,n1-highmem-32,32,208,2.334976
GCP,asia-southeast1,n1-highmem-4,4,26,0.291872
GCP,asia-southeast1,n1-highmem-64,64,416,4.669952
GCP,asia-southeast1,n1-highmem-8,8,52,0.583744
GCP,asia-southeast1,n1-highmem-96,96,624,7.004928
GCP,asia-southeast1,n1-megamem-96,96,1433,11.235896
GCP,asia-southeast1,n1-standard-1,1,3,0.058596
GCP,asia-southeast1,n1-standard-16,16,60,0.937544
GCP,asia-southeast1,n1-standard-2,2,7,0.117193
GCP,asia-southeast1,n1-standard-32,32,120,1.875088
GCP,asia-southeast1,n1-standard-4,4,15,0.234386
GCP,asia-southeast1,n1-standard-64,64,240,3.750176
GCP,asia-southeast1,n1-standard-8,8,30,0.468772
GCP,asia-southeast1,n1-standard-96,96,360,5.625264
GCP,asia-southeast1,n1-ultramem-160,160,3844,26.328584
GCP,asia-southeast1,n1-ultramem-40,40,961,6.582146
GCP,asia-southeast1,n1-ultramem-80,80,1922,13.164292
GCP,asia-southeast1,n2-highcpu-16,16,16,0.7076
GCP,asia-southeast1,n2-highcpu-2,2,2,0.08845
GCP,asia-southeast1,n2-highcpu-32,32,32,1.4152
GCP,asia-southeast1,n2-highcpu-4,4,4,0.1769
GCP,asia-southeast1,n2-highcpu-48,48,48,2.1228
GCP,asia-southeast1,n2-highcpu-64,64,64,2.8304
GCP,asia-southeast1,n2-highcpu-8,8,8,0.3538
GCP,asia-southeast1,n2-highcpu-80,80,80,3.538
GCP,asia-southeast1,n2-highcpu-96,96,96,4.2456
GCP,asia-southeast1,n2-highmem-128,128,864,9.507136
GCP,asia-southeast1,n2-highmem-16,16,128,1.292912
GCP,asia-southeast1,n2-highmem-2,2,16,0.161614
GCP,asia-southeast1,n2-highmem-32,32,256,2.585824
GCP,asia-southeast1,n2-highmem-4,4,32,0.323228
GCP,asia-southeast1,n2-highmem-48,48,384,3.878736
GCP,asia-southeast1,n2-highmem-64,64,512,5.171648
GCP,asia-southeast1,n2-highmem-8,8,64,0.646456
GCP,asia-southeast1,n2-highmem-80,80,640,6.46456
GCP,asia-southeast1,n2-highmem-96,96,768,7.757472
GCP,asia-southeast1,n2-standard-128,128,512,7.667584
GCP,asia-southeast1,n2-standard-16,16,64,0.958448
GCP,asia-southeast1,n2-standard-2,2,8,0.119806
GCP,asia-southeast1,n2-standard-32,32,128,1.916896
GCP,asia-southeast1,n2-standard-4,4,16,0.239612
GCP,asia-southeast1,n2-standard-48,48,192,2.875344
GCP,asia-southeast1,n2-standard-64,64,256,3.833792
GCP,asia-southeast1,n2-standard-8,8,32,0.479224
GCP,asia-southeast1,n2-standard-80,80,320,4.79224
GCP,asia-southeast1,n2-standard-96,96,384,5.750688
GCP,asia-southeast1,a2-highgpu-1g,12,85,0.912198
GCP,asia-southeast1,a2-highgpu-2g,24,170,1.824396
GCP,asia-southeast1,a2-highgpu-4g,48,340,3.648792
GCP,asia-southeast1,a2-highgpu-8g,96,680,7.297584
GCP,asia-southeast1,a2-megagpu-16g,96,1360,10.851264
GCP,asia-southeast1,a2-ultragpu-1g,12,170,1.356408
GCP,asia-southeast1,a2-ultragpu-2g,24,340,2.712816
GCP,asia-southeast1,a2-ultragpu-4g,48,680,5.425632
GCP,asia-southeast1,a2-ultragpu-8g,96,1360,10.851264
GCP,asia-south1,c3-highmem-176,176,1408,12.108828
GCP,asia-south1,c3-highmem-22,22,176,1.513604
GCP,asia-south1,c3-highmem-4,4,32,0.275201
GCP,asia-south1,c3-highmem-44,44,352,3.027207
GCP,asia-south1,c3-highmem-8,8,64,0.550401
GCP,asia-south1,c3-highmem-88,88,704,6.054414
GCP,asia-south1,c3-standard-176,176,704,9.225582
GCP,asia-south1,c3-standard-176-lssd,176,704,9.225582
GCP,asia-south1,c3-standard-22,22,88,1.153198
GCP,asia-south1,c3-standard-22-lssd,22,88,1.153198
GCP,asia-south1,c3-standard-4,4,16,0.209672
GCP,asia-south1,c3-standard-4-lssd,4,16,0.209672
GCP,asia-south1,c3-standard-44,44,176,2.306396
GCP,asia-south1,c3-standard-44-lssd,44,176,2.306396
GCP,asia-south1,c3-standard-8,8,32,0.419345
GCP,asia-south1,c3-standard-8-lssd,8,32,0.419345
GCP,asia-south1,c3-standard-88,88,352,4.612791
GCP,asia-south1,c3-standard-88-lssd,88,352,4.612791
GCP,asia-south1,c3d-highcpu-16,16,32,0.623684
GCP,asia-south1,c3d-highcpu-180,180,354,6.991739
GCP,asia-south1,c3d-highcpu-30,30,59,1.16529
GCP,asia-south1,c3d-highcpu-360,360,708,13.983478
GCP,asia-south1,c3d-highcpu-4,4,8,0.155921
GCP,asia-south1,c3d-highcpu-60,60,118,2.33058
GCP,asia-south1,c3d-highcpu-8,8,16,0.311842
GCP,asia-south1,c3d-highcpu-90,90,177,3.49587
GCP,asia-south1,c3d-highmem-16,16,128,1.01895
GCP,asia-south1,c3d-highmem-180,180,1440,11.463192
GCP,asia-south1,c3d-highmem-30,30,240,1.910532
GCP,asia-south1,c3d-highmem-360,360,2880,22.926384
GCP,asia-south1,c3d-highmem-4,4,32,0.254738
GCP,asia-south1,c3d-highmem-60,60,480,3.821064
GCP,asia-south1,c3d-highmem-8,8,64,0.509475
GCP,asia-south1,c3d-highmem-90,90,720,5.731596
GCP,asia-south1,c3d-standard-16,16,64,0.755439
GCP,asia-south1,c3d-standard-16-lssd,16,64,0.755439
GCP,asia-south1,c3d-standard-180,180,720,8.498693
GCP,asia-south1,c3d-standard-180-lssd,180,720,8.498693
GCP,asia-south1,c3d-standard-30,30,120,1.416449
GCP,asia-south1,c3d-standard-30-lssd,30,120,1.416449
GCP,asia-south1,c3d-standard-360,360,1440,16.997386
GCP,asia-south1,c3d-standard-360-lssd,360,1440,16.997386
GCP,asia-south1,c3d-standard-4,4,16,0.18886
GCP,asia-south1,c3d-standard-60,60,240,2.832898
GCP,asia-south1,c3d-standard-60-lssd,60,240,2.832898
GCP,asia-south1,c3d-standard-8,8,32,0.37772
GCP,asia-south1,c3d-standard-8-lssd,8,32,0.37772
GCP,asia-south1,c3d-standard-90,90,360,4.249346
GCP,asia-south1,c3d-standard-90-lssd,90,360,4.249346
GCP,asia-south1,e2-highcpu-16,16,16,0.47536
GCP,asia-south1,e2-highcpu-2,2,2,0.05942
GCP,asia-south1,e2-highcpu-32,32,32,0.950721
GCP,asia-south1,e2-highcpu-4,4,4,0.11884
GCP,asia-south1,e2-highcpu-8,8,8,0.23768
GCP,asia-south1,e2-highmem-16,16,128,0.868561
GCP,asia-south1,e2-highmem-2,2,16,0.10857
GCP,asia-south1,e2-highmem-4,4,32,0.21714
GCP,asia-south1,e2-highmem-8,8,64,0.43428
GCP,asia-south1,e2-medium,2,4,0.066441
GCP,asia-south1,e2-micro,2,1,0.055909
GCP,asia-south1,e2-small,2,2,0.05942
GCP,asia-south1,e2-standard-16,16,64,0.643875
GCP,asia-south1,e2-standard-2,2,8,0.080484
GCP,asia-south1,e2-standard-32,32,128,1.28775
GCP,asia-south1,e2-standard-4,4,16,0.160969
GCP,asia-south1,e2-standard-8,8,32,0.321937
GCP,asia-south1,n1-highcpu-16,16,14,0.680789
GCP,asia-south1,n1-highcpu-2,2,1,0.085097
GCP,asia-south1,n1-highcpu-32,32,28,1.361573
GCP,asia-south1,n1-highcpu-4,4,3,0.170195
GCP,asia-south1,n1-highcpu-64,64,57,2.723147
GCP,asia-south1,n1-highcpu-8,8,7,0.340395
GCP,asia-south1,n1-highcpu-96,96,86,4.084725
GCP,asia-south1,n1-highmem-16,16,104,1.136672
GCP,asia-south1,n1-highmem-2,2,13,0.142084
GCP,asia-south1,n1-highmem-32,32,208,2.273344
GCP,asia-south1,n1-highmem-4,4,26,0.284168
GCP,asia-south1,n1-highmem-64,64,416,4.546688
GCP,asia-south1,n1-highmem-8,8,52,0.568336
GCP,asia-south1,n1-highmem-96,96,624,6.820032
GCP,asia-south1,n1-megamem-96,96,1433,10.939275
GCP,asia-south1,n1-standard-1,1,3,0.05705
GCP,asia-south1,n1-standard-16,16,60,0.9128
GCP,asia-south1,n1-standard-2,2,7,0.1141
GCP,asia-south1,n1-standard-32,32,120,1.8256
GCP,asia-south1,n1-standard-4,4,15,0.2282
GCP,asia-south1,n1-standard-64,64,240,3.6512
GCP,asia-south1,n1-standard-8,8,30,0.4564
GCP,asia-south1,n1-standard-96,96,360,5.4768
GCP,asia-south1,n1-ultramem-160,160,3844,25.633472
GCP,asia-south1,n1-ultramem-40,40,961,6.408368
GCP,asia-south1,n1-ultramem-80,80,1922,12.816736
GCP,asia-south1,n2-highcpu-16,16,16,0.688928
GCP,asia-south1,n2-highcpu-2,2,2,0.086116
GCP,asia-south1,n2-highcpu-32,32,32,1.377856
GCP,asia-south1,n2-highcpu-4,4,4,0.172232
GCP,asia-south1,n2-highcpu-48,48,48,2.066784
GCP,asia-south1,n2-highcpu-64,64,64,2.755712
GCP,asia-south1,n2-highcpu-8,8,8,0.344464
GCP,asia-south1,n2-highcpu-80,80,80,3.44464
GCP,asia-south1,n2-highcpu-96,96,96,4.133568
GCP,asia-south1,n2-highmem-128,128,864,9.256192
GCP,asia-south1,n2-highmem-16,16,128,1.258784
GCP,asia-south1,n2-highmem-2,2,16,0.157348
GCP,asia-south1,n2-highmem-32,32,256,2.517568
GCP,asia-south1,n2-highmem-4,4,32,0.314696
GCP,asia-south1,n2-highmem-48,48,384,3.776352
GCP,asia-south1,n2-highmem-64,64,512,5.035136
GCP,asia-south1,n2-highmem-8,8,64,0.629392
GCP,asia-south1,n2-highmem-80,80,640,6.29392
GCP,asia-south1,n2-highmem-96,96,768,7.552704
GCP,asia-south1,n2-standard-128,128,512,7.465216
GCP,asia-south1,n2-standard-16,16,64,0.933152
GCP,asia-south1,n2-standard-2,2,8,0.116644
GCP,asia-south1,n2-standard-32,32,128,1.866304
GCP,asia-south1,n2-standard-4,4,16,0.233288
GCP,asia-south1,n2-standard-48,48,192,2.799456
GCP,asia-south1,n2-standard-64,64,256,3.732608
GCP,asia-south1,n2-standard-8,8,32,0.466576
GCP,asia-south1,n2-standard-80,80,320,4.66576
GCP,asia-south1,n2-standard-96,96,384,5.598912
GCP,australia-southeast1,c3-highcpu-176,176,352,9.35572
GCP,australia-southeast1,c3-highcpu-22,22,44,1.169465
GCP,australia-southeast1,c3-highcpu-4,4,8,0.21263
GCP,australia-southeast1,c3-highcpu-44,44,88,2.33893
GCP,australia-southeast1,c3-highcpu-8,8,16,0.42526
GCP,australia-southeast1,c3-highcpu-88,88,176,4.67786
GCP,australia-southeast1,c3-standard-176-lssd,176,704,11.08844
GCP,australia-southeast1,c3-standard-22-lssd,22,88,1.386055
GCP,australia-southeast1,c3-standard-4-lssd,4,16,0.25201
GCP,australia-southeast1,c3-standard-44-lssd,44,176,2.77211
GCP,australia-southeast1,c3-standard-8-lssd,8,32,0.50402
GCP,australia-southeast1,c3-standard-88-lssd,88,352,5.54422
GCP,australia-southeast1,c3d-standard-16,16,64,0.90798
GCP,australia-southeast1,c3d-standard-180,180,720,10.214775
GCP,australia-southeast1,c3d-standard-30,30,120,1.702462
GCP,australia-southeast1,c3d-standard-360,360,1440,20.42955
GCP,australia-southeast1,c3d-standard-4,4,16,0.226995
GCP,australia-southeast1,c3d-standard-60,60,240,3.404925
GCP,australia-southeast1,c3d-standard-8,8,32,0.45399
GCP,australia-southeast1,c3d-standard-90,90,360,5.107387
GCP,australia-southeast1,e2-highcpu-16,16,16,0.561572
GCP,australia-southeast1,e2-highcpu-2,2,2,0.070196
GCP,australia-southeast1,e2-highcpu-32,32,32,1.123143
GCP,australia-southeast1,e2-highcpu-4,4,4,0.140393
GCP,australia-southeast1,e2-highcpu-8,8,8,0.280786
GCP,australia-southeast1,e2-highmem-16,16,128,1.026102
GCP,australia-southeast1,e2-highmem-2,2,16,0.128263
GCP,australia-southeast1,e2-highmem-4,4,32,0.256525
GCP,australia-southeast1,e2-highmem-8,8,64,0.513051
GCP,australia-southeast1,e2-medium,2,4,0.078492
GCP,australia-southeast1,e2-micro,2,1,0.066049
GCP,australia-southeast1,e2-small,2,2,0.070196
GCP,australia-southeast1,e2-standard-16,16,64,0.760656
GCP,australia-southeast1,e2-standard-2,2,8,0.095082
GCP,australia-southeast1,e2-standard-32,32,128,1.521312
GCP,australia-southeast1,e2-standard-4,4,16,0.190164
GCP,australia-southeast1,e2-standard-8,8,32,0.380328
GCP,australia-southeast1,n1-highcpu-16,16,14,0.804257
GCP,australia-southeast1,n1-highcpu-2,2,1,0.100531
GCP,australia-southeast1,n1-highcpu-32,32,28,1.608508
GCP,australia-southeast1,n1-highcpu-4,4,3,0.201061
GCP,australia-southeast1,n1-highcpu-64,64,57,3.217015
GCP,australia-southeast1,n1-highcpu-8,8,7,0.402128
GCP,australia-southeast1,n1-highcpu-96,96,86,4.825529
GCP,australia-southeast1,n1-highmem-16,16,104,1.34284
GCP,australia-southeast1,n1-highmem-2,2,13,0.167855
GCP,australia-southeast1,n1-highmem-32,32,208,2.68568
GCP,australia-southeast1,n1-highmem-4,4,26,0.33571
GCP,australia-southeast1,n1-highmem-64,64,416,5.37136
GCP,australia-southeast1,n1-highmem-8,8,52,0.67142
GCP,australia-southeast1,n1-highmem-96,96,624,8.05704
GCP,australia-southeast1,n1-standard-1,1,3,0.067397
GCP,australia-southeast1,n1-standard-16,16,60,1.078356
GCP,australia-southeast1,n1-standard-2,2,7,0.134794
GCP,australia-southeast1,n1-standard-32,32,120,2.156712
GCP,australia-southeast1,n1-standard-4,4,15,0.269589
GCP,australia-southeast1,n1-standard-64,64,240,4.313424
GCP,australia-southeast1,n1-standard-8,8,30,0.539178
GCP,australia-southeast1,n1-standard-96,96,360,6.470136
GCP,australia-southeast1,n1-ultramem-160,160,3844,30.283244
GCP,australia-southeast1,n1-ultramem-40,40,961,7.570811
GCP,australia-southeast1,n1-ultramem-80,80,1922,15.141622
GCP,australia-southeast1,n2-highcpu-16,16,16,0.813872
GCP,australia-southeast1,n2-highcpu-2,2,2,0.101734
GCP,australia-southeast1,n2-highcpu-32,32,32,1.627744
GCP,australia-southeast1,n2-highcpu-4,4,4,0.203468
GCP,australia-southeast1,n2-highcpu-48,48,48,2.441616
GCP,australia-southeast1,n2-highcpu-64,64,64,3.255488
GCP,australia-southeast1,n2-highcpu-8,8,8,0.406936
GCP,australia-southeast1,n2-highcpu-80,80,80,4.06936
GCP,australia-southeast1,n2-highcpu-96,96,96,4.883232
GCP,australia-southeast1,n2-highmem-128,128,864,10.935072
GCP,australia-southeast1,n2-highmem-16,16,128,1.487104
GCP,australia-southeast1,n2-highmem-2,2,16,0.185888
GCP,australia-southeast1,n2-highmem-32,32,256,2.974208
GCP,australia-southeast1,n2-highmem-4,4,32,0.371776
GCP,australia-southeast1,n2-highmem-48,48,384,4.461312
GCP,australia-southeast1,n2-highmem-64,64,512,5.948416
GCP,australia-southeast1,n2-highmem-8,8,64,0.743552
GCP,australia-southeast1,n2-highmem-80,80,640,7.43552
GCP,australia-southeast1,n2-highmem-96,96,768,8.922624
GCP,australia-southeast1,n2-standard-128,128,512,8.8192
GCP,australia-southeast1,n2-standard-16,16,64,1.1024
GCP,australia-southeast1,n2-standard-2,2,8,0.1378
GCP,australia-southeast1,n2-standard-32,32,128,2.2048
GCP,australia-southeast1,n2-standard-4,4,16,0.2756
GCP,australia-southeast1,n2-standard-48,48,192,3.3072
GCP,australia-southeast1,n2-standard-64,64,256,4.4096
GCP,australia-southeast1,n2-standard-8,8,32,0.5512
GCP,australia-southeast1,n2-standard-80,80,320,5.512
GCP,australia-southeast1,n2-standard-96,96,384,6.6144
GCP,australia-southeast1,c3-standard-176,176,704,11.08844
GCP,australia-southeast1,c3-standard-22,22,88,1.386055
GCP,australia-southeast1,c3-standard-4,4,16,0.25201
GCP,australia-southeast1,c3-standard-44,44,176,2.77211
GCP,australia-southeast1,c3-standard-8,8,32,0.50402
GCP,australia-southeast1,c3-standard-88,88,352,5.54422
GCP,europe-west4,c3-highcpu-176,176,352,7.858805
GCP,europe-west4,c3-highcpu-192-metal,192,512,9.102509
GCP,europe-west4,c3-highcpu-22,22,44,0.982351
GCP,europe-west4,c3-highcpu-4,4,8,0.178609
GCP,europe-west4,c3-highcpu-44,44,88,1.964701
GCP,europe-west4,c3-highcpu-8,8,16,0.357218
GCP,europe-west4,c3-highcpu-88,88,176,3.929402
GCP,europe-west4,c3-highmem-176,176,1408,12.225259
GCP,europe-west4,c3-highmem-192-metal,192,1536,13.336646
GCP,europe-west4,c3-highmem-22,22,176,1.528157
GCP,europe-west4,c3-highmem-4,4,32,0.277847
GCP,europe-west4,c3-highmem-44,44,352,3.056315
GCP,europe-west4,c3-highmem-8,8,64,0.555694
GCP,europe-west4,c3-highmem-88,88,704,6.11263
GCP,europe-west4,c3-standard-176,176,704,9.31429
GCP,europe-west4,c3-standard-176-lssd,176,704,9.31429
GCP,europe-west4,c3-standard-192-metal,192,768,10.161043
GCP,europe-west4,c3-standard-22,22,88,1.164286
GCP,europe-west4,c3-standard-22-lssd,22,88,1.164286
GCP,europe-west4,c3-standard-4,4,16,0.211688
GCP,europe-west4,c3-standard-4-lssd,4,16,0.211688
GCP,europe-west4,c3-standard-44,44,176,2.328572
GCP,europe-west4,c3-standard-44-lssd,44,176,2.328572
GCP,europe-west4,c3-standard-8,8,32,0.423377
GCP,europe-west4,c3-standard-8-lssd,8,32,0.423377
GCP,europe-west4,c3-standard-88,88,352,4.657145
GCP,europe-west4,c3-standard-88-lssd,88,352,4.657145
GCP,europe-west4,c3d-highcpu-16,16,32,0.629681
GCP,europe-west4,c3d-highcpu-180,180,354,7.058967
GCP,europe-west4,c3d-highcpu-30,30,59,1.176495
GCP,europe-west4,c3d-highcpu-360,360,708,14.117935
GCP,europe-west4,c3d-highcpu-4,4,8,0.15742
GCP,europe-west4,c3d-highcpu-60,60,118,2.352989
GCP,europe-west4,c3d-highcpu-8,8,16,0.31484
GCP,europe-west4,c3d-highcpu-90,90,177,3.529484
GCP,europe-west4,c3d-highmem-16,16,128,1.028748
GCP,europe-west4,c3d-highmem-180,180,1440,11.573415
GCP,europe-west4,c3d-highmem-30,30,240,1.928902
GCP,europe-west4,c3d-highmem-360,360,2880,23.14683
GCP,europe-west4,c3d-highmem-4,4,32,0.257187
GCP,europe-west4,c3d-highmem-60,60,480,3.857805
GCP,europe-west4,c3d-highmem-8,8,64,0.514374
GCP,europe-west4,c3d-highmem-90,90,720,5.786708
GCP,europe-west4,c3d-standard-16,16,64,0.762703
GCP,europe-west4,c3d-standard-16-lssd,16,64,0.762703
GCP,europe-west4,c3d-standard-180,180,720,8.580411
GCP,europe-west4,c3d-standard-180-lssd,180,720,8.580411
GCP,europe-west4,c3d-standard-30,30,120,1.430068
GCP,europe-west4,c3d-standard-30-lssd,30,120,1.430068
GCP,europe-west4,c3d-standard-360,360,1440,17.160822
GCP,europe-west4,c3d-standard-360-lssd,360,1440,17.160822
GCP,europe-west4,c3d-standard-4,4,16,0.190676
GCP,europe-west4,c3d-standard-60,60,240,2.860137
GCP,europe-west4,c3d-standard-60-lssd,60,240,2.860137
GCP,europe-west4,c3d-standard-8,8,32,0.381352
GCP,europe-west4,c3d-standard-8-lssd,8,32,0.381352
GCP,europe-west4,c3d-standard-90,90,360,4.290205
GCP,europe-west4,c3d-standard-90-lssd,90,360,4.290205
GCP,europe-west4,e2-highcpu-16,16,16,0.435705
GCP,europe-west4,e2-highcpu-2,2,2,0.054463
GCP,europe-west4,e2-highcpu-32,32,32,0.871409
GCP,europe-west4,e2-highcpu-4,4,4,0.108926
GCP,europe-west4,e2-highcpu-8,8,8,0.217852
GCP,europe-west4,e2-highmem-16,16,128,0.796139
GCP,europe-west4,e2-highmem-2,2,16,0.099517
GCP,europe-west4,e2-highmem-4,4,32,0.199035
GCP,europe-west4,e2-highmem-8,8,64,0.398069
GCP,europe-west4,e2-medium,2,4,0.060899
GCP,europe-west4,e2-micro,2,1,0.051245
GCP,europe-west4,e2-small,2,2,0.054463
GCP,europe-west4,e2-standard-16,16,64,0.590176
GCP,europe-west4,e2-standard-2,2,8,0.073772
GCP,europe-west4,e2-standard-32,32,128,1.180353
GCP,europe-west4,e2-standard-4,4,16,0.147544
GCP,europe-west4,e2-standard-8,8,32,0.295088
GCP,europe-west4,n1-highcpu-16,16,14,0.623995
GCP,europe-west4,n1-highcpu-2,2,1,0.077998
GCP,europe-west4,n1-highcpu-32,32,28,1.247986
GCP,europe-west4,n1-highcpu-4,4,3,0.155997
GCP,europe-west4,n1-highcpu-64,64,57,2.495973
GCP,europe-west4,n1-highcpu-8,8,7,0.311998
GCP,europe-west4,n1-highcpu-96,96,86,3.743963
GCP,europe-west4,n1-highmem-16,16,104,1.041888
GCP,europe-west4,n1-highmem-2,2,13,0.130236
GCP,europe-west4,n1-highmem-32,32,208,2.083776
GCP,europe-west4,n1-highmem-4,4,26,0.260472
GCP,europe-west4,n1-highmem-64,64,416,4.167552
GCP,europe-west4,n1-highmem-8,8,52,0.520944
GCP,europe-west4,n1-highmem-96,96,624,6.251328
GCP,europe-west4,n1-megamem-96,96,1433,10.027301
GCP,europe-west4,n1-standard-1,1,3,0.052292
GCP,europe-west4,n1-standard-16,16,60,0.836672
GCP,europe-west4,n1-standard-2,2,7,0.104584
GCP,europe-west4,n1-standard-32,32,120,1.673344
GCP,europe-west4,n1-standard-4,4,15,0.209168
GCP,europe-west4,n1-standard-64,64,240,3.346688
GCP,europe-west4,n1-standard-8,8,30,0.418336
GCP,europe-west4,n1-standard-96,96,360,5.020032
GCP,europe-west4,n1-ultramem-160,160,3844,23.496736
GCP,europe-west4,n1-ultramem-40,40,961,5.874184
GCP,europe-west4,n1-ultramem-80,80,1922,11.748368
GCP,europe-west4,n2-highcpu-16,16,16,0.631456
GCP,europe-west4,n2-highcpu-2,2,2,0.078932
GCP,europe-west4,n2-highcpu-32,32,32,1.262912
GCP,europe-west4,n2-highcpu-4,4,4,0.157864
GCP,europe-west4,n2-highcpu-48,48,48,1.894368
GCP,europe-west4,n2-highcpu-64,64,64,2.525824
GCP,europe-west4,n2-highcpu-8,8,8,0.315728
GCP,europe-west4,n2-highcpu-80,80,80,3.15728
GCP,europe-west4,n2-highcpu-96,96,96,3.788736
GCP,europe-west4,n2-highmem-128,128,864,8.484352
GCP,europe-west4,n2-highmem-16,16,128,1.153824
GCP,europe-west4,n2-highmem-2,2,16,0.144228
GCP,europe-west4,n2-highmem-32,32,256,2.307648
GCP,europe-west4,n2-highmem-4,4,32,0.288456
GCP,europe-west4,n2-highmem-48,48,384,3.461472
GCP,europe-west4,n2-highmem-64,64,512,4.615296
GCP,europe-west4,n2-highmem-8,8,64,0.576912
GCP,europe-west4,n2-highmem-80,80,640,5.76912
GCP,europe-west4,n2-highmem-96,96,768,6.922944
GCP,europe-west4,n2-standard-128,128,512,6.842624
GCP,europe-west4,n2-standard-16,16,64,0.855328
GCP,europe-west4,n2-standard-2,2,8,0.106916
GCP,europe-west4,n2-standard-32,32,128,1.710656
GCP,europe-west4,n2-standard-4,4,16,0.213832
GCP,europe-west4,n2-standard-48,48,192,2.565984
GCP,europe-west4,n2-standard-64,64,256,3.421312
GCP,europe-west4,n2-standard-8,8,32,0.427664
GCP,europe-west4,n2-standard-80,80,320,4.27664
GCP,europe-west4,n2-standard-96,96,384,5.131968
GCP,europe-west4,a2-highgpu-1g,12,85,0.814064
GCP,europe-west4,a2-highgpu-2g,24,170,1.628128
GCP,europe-west4,a2-highgpu-4g,48,340,3.256256
GCP,europe-west4,a2-highgpu-8g,96,680,6.512512
GCP,europe-west4,a2-megagpu-16g,96,1360,9.684032
GCP,europe-west4,a2-ultragpu-1g,12,170,1.210504
GCP,europe-west4,a2-ultragpu-2g,24,340,2.421008
GCP,europe-west4,a2-ultragpu-4g,48,680,4.842016
GCP,europe-west4,a2-ultragpu-8g,96,1360,9.684032
GCP,europe-central2,e2-highcpu-16,16,16,0.509916
GCP,europe-central2,e2-highcpu-2,2,2,0.063739
GCP,europe-central2,e2-highcpu-32,32,32,1.019831
GCP,europe-central2,e2-highcpu-4,4,4,0.127479
GCP,europe-central2,e2-highcpu-8,8,8,0.254958
GCP,europe-central2,e2-highmem-16,16,128,0.93171
GCP,europe-central2,e2-highmem-2,2,16,0.116464
GCP,europe-central2,e2-highmem-4,4,32,0.232927
GCP,europe-central2,e2-highmem-8,8,64,0.465855
GCP,europe-central2,e2-medium,2,4,0.071271
GCP,europe-central2,e2-micro,2,1,0.059973
GCP,europe-central2,e2-small,2,2,0.063739
GCP,europe-central2,e2-standard-16,16,64,0.690684
GCP,europe-central2,e2-standard-2,2,8,0.086336
GCP,europe-central2,e2-standard-32,32,128,1.381369
GCP,europe-central2,e2-standard-4,4,16,0.172671
GCP,europe-central2,e2-standard-8,8,32,0.345342
GCP,europe-central2,n1-highcpu-16,16,14,0.730277
GCP,europe-central2,n1-highcpu-2,2,1,0.091283
GCP,europe-central2,n1-highcpu-32,32,28,1.460549
GCP,europe-central2,n1-highcpu-4,4,3,0.182567
GCP,europe-central2,n1-highcpu-64,64,57,2.921099
GCP,europe-central2,n1-highcpu-8,8,7,0.365139
GCP,europe-central2,n1-highcpu-96,96,86,4.381653
GCP,europe-central2,n1-highmem-16,16,104,1.219312
GCP,europe-central2,n1-highmem-2,2,13,0.152414
GCP,europe-central2,n1-highmem-32,32,208,2.438624
GCP,europe-central2,n1-highmem-4,4,26,0.304828
GCP,europe-central2,n1-highmem-64,64,416,4.877248
GCP,europe-central2,n1-highmem-8,8,52,0.609656
GCP,europe-central2,n1-highmem-96,96,624,7.315872
GCP,europe-central2,n1-standard-1,1,3,0.061198
GCP,europe-central2,n1-standard-16,16,60,0.97916
GCP,europe-central2,n1-standard-2,2,7,0.122395
GCP,europe-central2,n1-standard-32,32,120,1.95832
GCP,europe-central2,n1-standard-4,4,15,0.24479
GCP,europe-central2,n1-standard-64,64,240,3.91664
GCP,europe-central2,n1-standard-8,8,30,0.48958
GCP,europe-central2,n1-standard-96,96,360,5.87496
GCP,europe-central2,n1-ultramem-160,160,3844,27.497352
GCP,europe-central2,n1-ultramem-40,40,961,6.874338
GCP,europe-central2,n1-ultramem-80,80,1922,13.748676
GCP,europe-central2,n2-highcpu-16,16,16,0.739008
GCP,europe-central2,n2-highcpu-2,2,2,0.092376
GCP,europe-central2,n2-highcpu-32,32,32,1.478016
GCP,europe-central2,n2-highcpu-4,4,4,0.184752
GCP,europe-central2,n2-highcpu-48,48,48,2.217024
GCP,europe-central2,n2-highcpu-64,64,64,2.956032
GCP,europe-central2,n2-highcpu-8,8,8,0.369504
GCP,europe-central2,n2-highcpu-80,80,80,3.69504
GCP,europe-central2,n2-highcpu-96,96,96,4.434048
GCP,europe-central2,n2-highmem-128,128,864,9.929152
GCP,europe-central2,n2-highmem-16,16,128,1.350304
GCP,europe-central2,n2-highmem-2,2,16,0.168788
GCP,europe-central2,n2-highmem-32,32,256,2.700608
GCP,europe-central2,n2-highmem-4,4,32,0.337576
GCP,europe-central2,n2-highmem-48,48,384,4.050912
GCP,europe-central2,n2-highmem-64,64,512,5.401216
GCP,europe-central2,n2-highmem-8,8,64,0.675152
GCP,europe-central2,n2-highmem-80,80,640,6.75152
GCP,europe-central2,n2-highmem-96,96,768,8.101824
GCP,europe-central2,n2-standard-128,128,512,8.007936
GCP,europe-central2,n2-standard-16,16,64,1.000992
GCP,europe-central2,n2-standard-2,2,8,0.125124
GCP,europe-central2,n2-standard-32,32,128,2.001984
GCP,europe-central2,n2-standard-4,4,16,0.250248
GCP,europe-central2,n2-standard-48,48,192,3.002976
GCP,europe-central2,n2-standard-64,64,256,4.003968
GCP,europe-central2,n2-standard-8,8,32,0.500496
GCP,europe-central2,n2-standard-80,80,320,5.00496
GCP,europe-central2,n2-standard-96,96,384,6.005952
GCP,europe-west12,e2-highcpu-16,16,16,0.510533
GCP,europe-west12,e2-highcpu-2,2,2,0.063817
GCP,europe-west12,e2-highcpu-32,32,32,1.021066
GCP,europe-west12,e2-highcpu-4,4,4,0.127633
GCP,europe-west12,e2-highcpu-8,8,8,0.255266
GCP,europe-west12,e2-highmem-16,16,128,0.932925
GCP,europe-west12,e2-highmem-2,2,16,0.116616
GCP,europe-west12,e2-highmem-4,4,32,0.233231
GCP,europe-west12,e2-highmem-8,8,64,0.466462
GCP,europe-west12,e2-medium,2,4,0.071359
GCP,europe-west12,e2-micro,2,1,0.060045
GCP,europe-west12,e2-small,2,2,0.063817
GCP,europe-west12,e2-standard-16,16,64,0.691558
GCP,europe-west12,e2-standard-2,2,8,0.086445
GCP,europe-west12,e2-standard-32,32,128,1.383116
GCP,europe-west12,e2-standard-4,4,16,0.172889
GCP,europe-west12,e2-standard-8,8,32,0.345779
GCP,europe-west12,n2-highcpu-16,16,16,0.739903
GCP,europe-west12,n2-highcpu-2,2,2,0.092488
GCP,europe-west12,n2-highcpu-32,32,32,1.479805
GCP,europe-west12,n2-highcpu-4,4,4,0.184976
GCP,europe-west12,n2-highcpu-48,48,48,2.219708
GCP,europe-west12,n2-highcpu-64,64,64,2.959611
GCP,europe-west12,n2-highcpu-8,8,8,0.369951
GCP,europe-west12,n2-highcpu-80,80,80,3.699514
GCP,europe-west12,n2-highcpu-96,96,96,4.439416
GCP,europe-west12,n2-highmem-128,128,864,9.941999
GCP,europe-west12,n2-highmem-16,16,128,1.352064
GCP,europe-west12,n2-highmem-2,2,16,0.169008
GCP,europe-west12,n2-highmem-32,32,256,2.704129
GCP,europe-west12,n2-highmem-4,4,32,0.338016
GCP,europe-west12,n2-highmem-48,48,384,4.056193
GCP,europe-west12,n2-highmem-64,64,512,5.408258
GCP,europe-west12,n2-highmem-8,8,64,0.676032
GCP,europe-west12,n2-highmem-80,80,640,6.760322
GCP,europe-west12,n2-highmem-96,96,768,8.112387
GCP,europe-west12,n2-standard-128,128,512,8.018062
GCP,europe-west12,n2-standard-16,16,64,1.002258
GCP,europe-west12,n2-standard-2,2,8,0.125282
GCP,europe-west12,n2-standard-32,32,128,2.004516
GCP,europe-west12,n2-standard-4,4,16,0.250564
GCP,europe-west12,n2-standard-48,48,192,3.006773
GCP,europe-west12,n2-standard-64,64,256,4.009031
GCP,europe-west12,n2-standard-8,8,32,0.501129
GCP,europe-west12,n2-standard-80,80,320,5.011289
GCP,europe-west12,n2-standard-96,96,384,6.013547
GCP,northamerica-northeast1,c3-standard-176,176,704,9.767585
GCP,northamerica-northeast1,c3-standard-22,22,88,1.220948
GCP,northamerica-northeast1,c3-standard-4,4,16,0.221991
GCP,northamerica-northeast1,c3-standard-44,44,176,2.441896
GCP,northamerica-northeast1,c3-standard-8,8,32,0.443981
GCP,northamerica-northeast1,c3-standard-88,88,352,4.883792
GCP,northamerica-northeast1,e2-highcpu-16,16,16,0.435705
GCP,northamerica-northeast1,e2-highcpu-2,2,2,0.054463
GCP,northamerica-northeast1,e2-highcpu-32,32,32,0.871409
GCP,northamerica-northeast1,e2-highcpu-4,4,4,0.108926
GCP,northamerica-northeast1,e2-highcpu-8,8,8,0.217852
GCP,northamerica-northeast1,e2-highmem-16,16,128,0.796139
GCP,northamerica-northeast1,e2-highmem-2,2,16,0.099517
GCP,northamerica-northeast1,e2-highmem-4,4,32,0.199035
GCP,northamerica-northeast1,e2-highmem-8,8,64,0.398069
GCP,northamerica-northeast1,e2-medium,2,4,0.060899
GCP,northamerica-northeast1,e2-micro,2,1,0.051245
GCP,northamerica-northeast1,e2-small,2,2,0.054463
GCP,northamerica-northeast1,e2-standard-16,16,64,0.590176
GCP,northamerica-northeast1,e2-standard-2,2,8,0.073772
GCP,northamerica-northeast1,e2-standard-32,32,128,1.180353
GCP,northamerica-northeast1,e2-standard-4,4,16,0.147544
GCP,northamerica-northeast1,e2-standard-8,8,32,0.295088
GCP,northamerica-northeast1,n1-highcpu-16,16,14,0.623995
GCP,northamerica-northeast1,n1-highcpu-2,2,1,0.077998
GCP,northamerica-northeast1,n1-highcpu-32,32,28,1.247986
GCP,northamerica-northeast1,n1-highcpu-4,4,3,0.155997
GCP,northamerica-northeast1,n1-highcpu-64,64,57,2.495973
GCP,northamerica-northeast1,n1-highcpu-8,8,7,0.311998
GCP,northamerica-northeast1,n1-highcpu-96,96,86,3.743963
GCP,northamerica-northeast1,n1-highmem-16,16,104,1.041888
GCP,northamerica-northeast1,n1-highmem-2,2,13,0.130236
GCP,northamerica-northeast1,n1-highmem-32,32,208,2.083776
GCP,northamerica-northeast1,n1-highmem-4,4,26,0.260472
GCP,northamerica-northeast1,n1-highmem-64,64,416,4.167552
GCP,northamerica-northeast1,n1-highmem-8,8,52,0.520944
GCP,northamerica-northeast1,n1-highmem-96,96,624,6.251328
GCP,northamerica-northeast1,n1-standard-1,1,3,0.052292
GCP,northamerica-northeast1,n1-standard-16,16,60,0.836672
GCP,northamerica-northeast1,n1-standard-2,2,7,0.104584
GCP,northamerica-northeast1,n1-standard-32,32,120,1.673344
GCP,northamerica-northeast1,n1-standard-4,4,15,0.209168
GCP,northamerica-northeast1,n1-standard-64,64,240,3.346688
GCP,northamerica-northeast1,n1-standard-8,8,30,0.418336
GCP,northamerica-northeast1,n1-standard-96,96,360,5.020032
GCP,northamerica-northeast1,n2-highcpu-16,16,16,0.631456
GCP,northamerica-northeast1,n2-highcpu-2,2,2,0.078932
GCP,northamerica-northeast1,n2-highcpu-32,32,32,1.262912
GCP,northamerica-northeast1,n2-highcpu-4,4,4,0.157864
GCP,northamerica-northeast1,n2-highcpu-48,48,48,1.894368
GCP,northamerica-northeast1,n2-highcpu-64,64,64,2.525824
GCP,northamerica-northeast1,n2-highcpu-8,8,8,0.315728
GCP,northamerica-northeast1,n2-highcpu-80,80,80,3.15728
GCP,northamerica-northeast1,n2-highcpu-96,96,96,3.788736
GCP,northamerica-northeast1,n2-highmem-128,128,864,8.484352
GCP,northamerica-northeast1,n2-highmem-16,16,128,1.153824
GCP,northamerica-northeast1,n2-highmem-2,2,16,0.144228
GCP,northamerica-northeast1,n2-highmem-32,32,256,2.307648
GCP,northamerica-northeast1,n2-highmem-4,4,32,0.288456
GCP,northamerica-northeast1,n2-highmem-48,48,384,3.461472
GCP,northamerica-northeast1,n2-highmem-64,64,512,4.615296
GCP,northamerica-northeast1,n2-highmem-8,8,64,0.576912
GCP,northamerica-northeast1,n2-highmem-80,80,640,5.76912
GCP,northamerica-northeast1,n2-highmem-96,96,768,6.922944
GCP,northamerica-northeast1,n2-standard-128,128,512,6.842624
GCP,northamerica-northeast1,n2-standard-16,16,64,0.855328
GCP,northamerica-northeast1,n2-standard-2,2,8,0.106916
GCP,northamerica-northeast1,n2-standard-32,32,128,1.710656
GCP,northamerica-northeast1,n2-standard-4,4,16,0.213832
GCP,northamerica-northeast1,n2-standard-48,48,192,2.565984
GCP,northamerica-northeast1,n2-standard-64,64,256,3.421312
GCP,northamerica-northeast1,n2-standard-8,8,32,0.427664
GCP,northamerica-northeast1,n2-standard-80,80,320,4.27664
GCP,northamerica-northeast1,n2-standard-96,96,384,5.131968
GCP,northamerica-northeast1,c3-highcpu-176,176,352,8.241267
GCP,northamerica-northeast1,c3-highcpu-22,22,44,1.030158
GCP,northamerica-northeast1,c3-highcpu-4,4,8,0.187302
GCP,northamerica-northeast1,c3-highcpu-44,44,88,2.060317
GCP,northamerica-northeast1,c3-highcpu-8,8,16,0.374603
GCP,northamerica-northeast1,c3-highcpu-88,88,176,4.120633
GCP,northamerica-northeast1,n1-megamem-96,96,1433,10.027301
GCP,northamerica-northeast1,n1-ultramem-160,160,3844,23.496736
GCP,northamerica-northeast1,n1-ultramem-40,40,961,5.874184
GCP,northamerica-northeast1,n1-ultramem-80,80,1922,11.748368
GCP,us-west1,c3-highcpu-192-metal,192,512,8.669056
GCP,us-west1,c3-highmem-176,176,1408,11.643104
GCP,us-west1,c3-highmem-192-metal,192,1536,12.701568
GCP,us-west1,c3-highmem-22,22,176,1.455388
GCP,us-west1,c3-highmem-4,4,32,0.264616
GCP,us-west1,c3-highmem-44,44,352,2.910776
GCP,us-west1,c3-highmem-8,8,64,0.529232
GCP,us-west1,c3-highmem-88,88,704,5.821552
GCP,us-west1,c3-standard-176,176,704,8.870752
GCP,us-west1,c3-standard-176-lssd,176,704,8.870752
GCP,us-west1,c3-standard-192-metal,192,768,9.677184
GCP,us-west1,c3-standard-22,22,88,1.108844
GCP,us-west1,c3-standard-22-lssd,22,88,1.108844
GCP,us-west1,c3-standard-4,4,16,0.201608
GCP,us-west1,c3-standard-4-lssd,4,16,0.201608
GCP,us-west1,c3-standard-44,44,176,2.217688
GCP,us-west1,c3-standard-44-lssd,44,176,2.217688
GCP,us-west1,c3-standard-8,8,32,0.403216
GCP,us-west1,c3-standard-8-lssd,8,32,0.403216
GCP,us-west1,c3-standard-88,88,352,4.435376
GCP,us-west1,c3-standard-88-lssd,88,352,4.435376
GCP,us-west1,c3d-highmem-16,16,128,0.97976
GCP,us-west1,c3d-highmem-180,180,1440,11.0223
GCP,us-west1,c3d-highmem-30,30,240,1.83705
GCP,us-west1,c3d-highmem-360,360,2880,22.0446
GCP,us-west1,c3d-highmem-4,4,32,0.24494
GCP,us-west1,c3d-highmem-60,60,480,3.6741
GCP,us-west1,c3d-highmem-8,8,64,0.48988
GCP,us-west1,c3d-highmem-90,90,720,5.51115
GCP,us-west1,e2-highcpu-16,16,16,0.395762
GCP,us-west1,e2-highcpu-2,2,2,0.04947
GCP,us-west1,e2-highcpu-32,32,32,0.791524
GCP,us-west1,e2-highcpu-4,4,4,0.09894
GCP,us-west1,e2-highcpu-8,8,8,0.197881
GCP,us-west1,e2-highmem-16,16,128,0.723197
GCP,us-west1,e2-highmem-2,2,16,0.0904
GCP,us-west1,e2-highmem-4,4,32,0.180799
GCP,us-west1,e2-highmem-8,8,64,0.361599
GCP,us-west1,e2-medium,2,4,0.055317
GCP,us-west1,e2-micro,2,1,0.046547
GCP,us-west1,e2-small,2,2,0.04947
GCP,us-west1,e2-standard-16,16,64,0.536091
GCP,us-west1,e2-standard-2,2,8,0.067011
GCP,us-west1,e2-standard-32,32,128,1.072183
GCP,us-west1,e2-standard-4,4,16,0.134023
GCP,us-west1,e2-standard-8,8,32,0.268046
GCP,us-west1,n1-highcpu-16,16,14,0.56679
GCP,us-west1,n1-highcpu-2,2,1,0.070848
GCP,us-west1,n1-highcpu-32,32,28,1.133577
GCP,us-west1,n1-highcpu-4,4,3,0.141696
GCP,us-west1,n1-highcpu-64,64,57,2.267154
GCP,us-west1,n1-highcpu-8,8,7,0.283395
GCP,us-west1,n1-highcpu-96,96,86,3.400734
GCP,us-west1,n1-highmem-16,16,104,0.946424
GCP,us-west1,n1-highmem-2,2,13,0.118303
GCP,us-west1,n1-highmem-32,32,208,1.892848
GCP,us-west1,n1-highmem-4,4,26,0.236606
GCP,us-west1,n1-highmem-64,64,416,3.785696
GCP,us-west1,n1-highmem-8,8,52,0.473212
GCP,us-west1,n1-highmem-96,96,624,5.678544
GCP,us-west1,n1-megamem-96,96,1433,9.108818
GCP,us-west1,n1-standard-1,1,3,0.0475
GCP,us-west1,n1-standard-16,16,60,0.759996
GCP,us-west1,n1-standard-2,2,7,0.095
GCP,us-west1,n1-standard-32,32,120,1.519992
GCP,us-west1,n1-standard-4,4,15,0.189999
GCP,us-west1,n1-standard-64,64,240,3.039984
GCP,us-west1,n1-standard-8,8,30,0.379998
GCP,us-west1,n1-standard-96,96,360,4.559976
GCP,us-west1,n1-ultramem-160,160,3844,21.344788
GCP,us-west1,n1-ultramem-40,40,961,5.336197
GCP,us-west1,n1-ultramem-80,80,1922,10.672394
GCP,us-west1,n2-highcpu-16,16,16,0.573568
GCP,us-west1,n2-highcpu-2,2,2,0.071696
GCP,us-west1,n2-highcpu-32,32,32,1.147136
GCP,us-west1,n2-highcpu-4,4,4,0.143392
GCP,us-west1,n2-highcpu-48,48,48,1.720704
GCP,us-west1,n2-highcpu-64,64,64,2.294272
GCP,us-west1,n2-highcpu-8,8,8,0.286784
GCP,us-west1,n2-highcpu-80,80,80,2.86784
GCP,us-west1,n2-highcpu-96,96,96,3.441408
GCP,us-west1,n2-highmem-128,128,864,7.706976
GCP,us-west1,n2-highmem-16,16,128,1.048112
GCP,us-west1,n2-highmem-2,2,16,0.131014
GCP,us-west1,n2-highmem-32,32,256,2.096224
GCP,us-west1,n2-highmem-4,4,32,0.262028
GCP,us-west1,n2-highmem-48,48,384,3.144336
GCP,us-west1,n2-highmem-64,64,512,4.192448
GCP,us-west1,n2-highmem-8,8,64,0.524056
GCP,us-west1,n2-highmem-80,80,640,5.24056
GCP,us-west1,n2-highmem-96,96,768,6.288672
GCP,us-west1,n2-standard-128,128,512,6.215552
GCP,us-west1,n2-standard-16,16,64,0.776944
GCP,us-west1,n2-standard-2,2,8,0.097118
GCP,us-west1,n2-standard-32,32,128,1.553888
GCP,us-west1,n2-standard-4,4,16,0.194236
GCP,us-west1,n2-standard-48,48,192,2.330832
GCP,us-west1,n2-standard-64,64,256,3.107776
GCP,us-west1,n2-standard-8,8,32,0.388472
GCP,us-west1,n2-standard-80,80,320,3.88472
GCP,us-west1,n2-standard-96,96,384,4.661664
GCP,us-west1,a2-highgpu-1g,12,85,0.739477
GCP,us-west1,a2-highgpu-2g,24,170,1.478954
GCP,us-west1,a2-highgpu-4g,48,340,2.957908
GCP,us-west1,a2-highgpu-8g,96,680,5.915816
GCP,us-west1,c3d-standard-16,16,64,0.726384
GCP,us-west1,c3d-standard-180,180,720,8.17182
GCP,us-west1,c3d-standard-30,30,120,1.36197
GCP,us-west1,c3d-standard-360,360,1440,16.34364
GCP,us-west1,c3d-standard-4,4,16,0.181596
GCP,us-west1,c3d-standard-60,60,240,2.72394
GCP,us-west1,c3d-standard-8,8,32,0.363192
GCP,us-west1,c3d-standard-90,90,360,4.08591
GCP,us-east4,c3-highcpu-176,176,352,7.484576
GCP,us-east4,c3-highcpu-192-metal,192,512,8.669056
GCP,us-east4,c3-highcpu-22,22,44,0.935572
GCP,us-east4,c3-highcpu-4,4,8,0.170104
GCP,us-east4,c3-highcpu-44,44,88,1.871144
GCP,us-east4,c3-highcpu-8,8,16,0.340208
GCP,us-east4,c3-highcpu-88,88,176,3.742288
GCP,us-east4,c3-highmem-176,176,1408,11.643104
GCP,us-east4,c3-highmem-192-metal,192,1536,12.701568
GCP,us-east4,c3-highmem-22,22,176,1.455388
GCP,us-east4,c3-highmem-4,4,32,0.264616
GCP,us-east4,c3-highmem-44,44,352,2.910776
GCP,us-east4,c3-highmem-8,8,64,0.529232
GCP,us-east4,c3-highmem-88,88,704,5.821552
GCP,us-east4,c3-standard-176,176,704,8.870752
GCP,us-east4,c3-standard-176-lssd,176,704,8.870752
GCP,us-east4,c3-standard-192-metal,192,768,9.677184
GCP,us-east4,c3-standard-22,22,88,1.108844
GCP,us-east4,c3-standard-22-lssd,22,88,1.108844
GCP,us-east4,c3-standard-4,4,16,0.201608
GCP,us-east4,c3-standard-4-lssd,4,16,0.201608
GCP,us-east4,c3-standard-44,44,176,2.217688
GCP,us-east4,c3-standard-44-lssd,44,176,2.217688
GCP,us-east4,c3-standard-8,8,32,0.403216
GCP,us-east4,c3-standard-8-lssd,8,32,0.403216
GCP,us-east4,c3-standard-88,88,352,4.435376
GCP,us-east4,c3-standard-88-lssd,88,352,4.435376
GCP,us-east4,c3d-highcpu-16,16,32,0.599696
GCP,us-east4,c3d-highcpu-180,180,354,6.722826
GCP,us-east4,c3d-highcpu-30,30,59,1.120471
GCP,us-east4,c3d-highcpu-360,360,708,13.445652
GCP,us-east4,c3d-highcpu-4,4,8,0.149924
GCP,us-east4,c3d-highcpu-60,60,118,2.240942
GCP,us-east4,c3d-highcpu-8,8,16,0.299848
GCP,us-east4,c3d-highcpu-90,90,177,3.361413
GCP,us-east4,c3d-highmem-16,16,128,0.97976
GCP,us-east4,c3d-highmem-180,180,1440,11.0223
GCP,us-east4,c3d-highmem-30,30,240,1.83705
GCP,us-east4,c3d-highmem-360,360,2880,22.0446
GCP,us-east4,c3d-highmem-4,4,32,0.24494
GCP,us-east4,c3d-highmem-60,60,480,3.6741
GCP,us-east4,c3d-highmem-8,8,64,0.48988
GCP,us-east4,c3d-highmem-90,90,720,5.51115
GCP,us-east4,c3d-standard-16,16,64,0.726384
GCP,us-east4,c3d-standard-16-lssd,16,64,0.726384
GCP,us-east4,c3d-standard-180,180,720,8.17182
GCP,us-east4,c3d-standard-180-lssd,180,720,8.17182
GCP,us-east4,c3d-standard-30,30,120,1.36197
GCP,us-east4,c3d-standard-30-lssd,30,120,1.36197
GCP,us-east4,c3d-standard-360,360,1440,16.34364
GCP,us-east4,c3d-standard-360-lssd,360,1440,16.34364
GCP,us-east4,c3d-standard-4,4,16,0.181596
GCP,us-east4,c3d-standard-60,60,240,2.72394
GCP,us-east4,c3d-standard-60-lssd,60,240,2.72394
GCP,us-east4,c3d-standard-8,8,32,0.363192
GCP,us-east4,c3d-standard-8-lssd,8,32,0.363192
GCP,us-east4,c3d-standard-90,90,360,4.08591
GCP,us-east4,c3d-standard-90-lssd,90,360,4.08591
GCP,us-east4,e2-highcpu-16,16,16,0.445751
GCP,us-east4,e2-highcpu-2,2,2,0.055719
GCP,us-east4,e2-highcpu-32,32,32,0.891502
GCP,us-east4,e2-highcpu-4,4,4,0.111438
GCP,us-east4,e2-highcpu-8,8,8,0.222876
GCP,us-east4,e2-highmem-16,16,128,0.814454
GCP,us-east4,e2-highmem-2,2,16,0.101807
GCP,us-east4,e2-highmem-4,4,32,0.203613
GCP,us-east4,e2-highmem-8,8,64,0.407227
GCP,us-east4,e2-medium,2,4,0.062303
GCP,us-east4,e2-micro,2,1,0.052427
GCP,us-east4,e2-small,2,2,0.055719
GCP,us-east4,e2-standard-16,16,64,0.603767
GCP,us-east4,e2-standard-2,2,8,0.075471
GCP,us-east4,e2-standard-32,32,128,1.207533
GCP,us-east4,e2-standard-4,4,16,0.150942
GCP,us-east4,e2-standard-8,8,32,0.301883
GCP,us-east4,n1-highcpu-16,16,14,0.638384
GCP,us-east4,n1-highcpu-2,2,1,0.079797
GCP,us-east4,n1-highcpu-32,32,28,1.276764
GCP,us-east4,n1-highcpu-4,4,3,0.159594
GCP,us-east4,n1-highcpu-64,64,57,2.553528
GCP,us-east4,n1-highcpu-8,8,7,0.319192
GCP,us-east4,n1-highcpu-96,96,86,3.830296
GCP,us-east4,n1-highmem-16,16,104,1.065864
GCP,us-east4,n1-highmem-2,2,13,0.133233
GCP,us-east4,n1-highmem-32,32,208,2.131728
GCP,us-east4,n1-highmem-4,4,26,0.266466
GCP,us-east4,n1-highmem-64,64,416,4.263456
GCP,us-east4,n1-highmem-8,8,52,0.532932
GCP,us-east4,n1-highmem-96,96,624,6.395184
GCP,us-east4,n1-megamem-96,96,1433,10.257784
GCP,us-east4,n1-standard-1,1,3,0.053496
GCP,us-east4,n1-standard-16,16,60,0.85594
GCP,us-east4,n1-standard-2,2,7,0.106992
GCP,us-east4,n1-standard-32,32,120,1.71188
GCP,us-east4,n1-standard-4,4,15,0.213985
GCP,us-east4,n1-standard-64,64,240,3.42376
GCP,us-east4,n1-standard-8,8,30,0.42797
GCP,us-east4,n1-standard-96,96,360,5.13564
GCP,us-east4,n1-ultramem-160,160,3844,24.036524
GCP,us-east4,n1-ultramem-40,40,961,6.009131
GCP,us-east4,n1-ultramem-80,80,1922,12.018262
GCP,us-east4,n2-highcpu-16,16,16,0.646016
GCP,us-east4,n2-highcpu-2,2,2,0.080752
GCP,us-east4,n2-highcpu-32,32,32,1.292032
GCP,us-east4,n2-highcpu-4,4,4,0.161504
GCP,us-east4,n2-highcpu-48,48,48,1.938048
GCP,us-east4,n2-highcpu-64,64,64,2.584064
GCP,us-east4,n2-highcpu-8,8,8,0.323008
GCP,us-east4,n2-highcpu-80,80,80,3.23008
GCP,us-east4,n2-highcpu-96,96,96,3.876096
GCP,us-east4,n2-highmem-128,128,864,8.679584
GCP,us-east4,n2-highmem-16,16,128,1.180368
GCP,us-east4,n2-highmem-2,2,16,0.147546
GCP,us-east4,n2-highmem-32,32,256,2.360736
GCP,us-east4,n2-highmem-4,4,32,0.295092
GCP,us-east4,n2-highmem-48,48,384,3.541104
GCP,us-east4,n2-highmem-64,64,512,4.721472
GCP,us-east4,n2-highmem-8,8,64,0.590184
GCP,us-east4,n2-highmem-80,80,640,5.90184
GCP,us-east4,n2-highmem-96,96,768,7.082208
GCP,us-east4,n2-standard-128,128,512,7.000192
GCP,us-east4,n2-standard-16,16,64,0.875024
GCP,us-east4,n2-standard-2,2,8,0.109378
GCP,us-east4,n2-standard-32,32,128,1.750048
GCP,us-east4,n2-standard-4,4,16,0.218756
GCP,us-east4,n2-standard-48,48,192,2.625072
GCP,us-east4,n2-standard-64,64,256,3.500096
GCP,us-east4,n2-standard-8,8,32,0.437512
GCP,us-east4,n2-standard-80,80,320,4.37512
GCP,us-east4,n2-standard-96,96,384,5.250144
GCP,us-east4,a2-ultragpu-1g,12,170,1.23833
GCP,us-east4,a2-ultragpu-2g,24,340,2.47666
GCP,us-east4,a2-ultragpu-4g,48,680,4.95332
GCP,us-east4,a2-ultragpu-8g,96,1360,9.90664
GCP,southamerica-east1,c3-standard-176,176,704,14.085868
GCP,southamerica-east1,c3-standard-176-lssd,176,704,14.085868
GCP,southamerica-east1,c3-standard-22,22,88,1.760733
GCP,southamerica-east1,c3-standard-22-lssd,22,88,1.760733
GCP,southamerica-east1,c3-standard-4,4,16,0.320133
GCP,southamerica-east1,c3-standard-4-lssd,4,16,0.320133
GCP,southamerica-east1,c3-standard-44,44,176,3.521467
GCP,southamerica-east1,c3-standard-44-lssd,44,176,3.521467
GCP,southamerica-east1,c3-standard-8,8,32,0.640267
GCP,southamerica-east1,c3-standard-8-lssd,8,32,0.640267
GCP,southamerica-east1,c3-standard-88,88,352,7.042934
GCP,southamerica-east1,c3-standard-88-lssd,88,352,7.042934
GCP,southamerica-east1,e2-highcpu-16,16,16,0.628231
GCP,southamerica-east1,e2-highcpu-2,2,2,0.078529
GCP,southamerica-east1,e2-highcpu-32,32,32,1.256462
GCP,southamerica-east1,e2-highcpu-4,4,4,0.157058
GCP,southamerica-east1,e2-highcpu-8,8,8,0.314116
GCP,southamerica-east1,e2-highmem-16,16,128,1.147939
GCP,southamerica-east1,e2-highmem-2,2,16,0.143492
GCP,southamerica-east1,e2-highmem-4,4,32,0.286985
GCP,southamerica-east1,e2-highmem-8,8,64,0.57397
GCP,southamerica-east1,e2-medium,2,4,0.087809
GCP,southamerica-east1,e2-micro,2,1,0.073889
GCP,southamerica-east1,e2-small,2,2,0.078529
GCP,southamerica-east1,e2-standard-16,16,64,0.850963
GCP,southamerica-east1,e2-standard-2,2,8,0.10637
GCP,southamerica-east1,e2-standard-32,32,128,1.701926
GCP,southamerica-east1,e2-standard-4,4,16,0.212741
GCP,southamerica-east1,e2-standard-8,8,32,0.425482
GCP,southamerica-east1,n1-highcpu-16,16,14,0.899723
GCP,southamerica-east1,n1-highcpu-2,2,1,0.112464
GCP,southamerica-east1,n1-highcpu-32,32,28,1.799439
GCP,southamerica-east1,n1-highcpu-4,4,3,0.224927
GCP,southamerica-east1,n1-highcpu-64,64,57,3.598877
GCP,southamerica-east1,n1-highcpu-8,8,7,0.449861
GCP,southamerica-east1,n1-highcpu-96,96,86,5.398323
GCP,southamerica-east1,n1-highmem-16,16,104,1.50228
GCP,southamerica-east1,n1-highmem-2,2,13,0.187785
GCP,southamerica-east1,n1-highmem-32,32,208,3.00456
GCP,southamerica-east1,n1-highmem-4,4,26,0.37557
GCP,southamerica-east1,n1-highmem-64,64,416,6.00912
GCP,southamerica-east1,n1-highmem-8,8,52,0.75114
GCP,southamerica-east1,n1-highmem-96,96,624,9.01368
GCP,southamerica-east1,n1-standard-1,1,3,0.075399
GCP,southamerica-east1,n1-standard-16,16,60,1.20638
GCP,southamerica-east1,n1-standard-2,2,7,0.150798
GCP,southamerica-east1,n1-standard-32,32,120,2.41276
GCP,southamerica-east1,n1-standard-4,4,15,0.301595
GCP,southamerica-east1,n1-standard-64,64,240,4.82552
GCP,southamerica-east1,n1-standard-8,8,30,0.60319
GCP,southamerica-east1,n1-standard-96,96,360,7.23828
GCP,southamerica-east1,n2-highcpu-16,16,16,0.91048
GCP,southamerica-east1,n2-highcpu-2,2,2,0.11381
GCP,southamerica-east1,n2-highcpu-32,32,32,1.82096
GCP,southamerica-east1,n2-highcpu-4,4,4,0.22762
GCP,southamerica-east1,n2-highcpu-48,48,48,2.73144
GCP,southamerica-east1,n2-highcpu-64,64,64,3.64192
GCP,southamerica-east1,n2-highcpu-8,8,8,0.45524
GCP,southamerica-east1,n2-highcpu-80,80,80,4.5524
GCP,southamerica-east1,n2-highcpu-96,96,96,5.46288
GCP,southamerica-east1,n2-highmem-128,128,864,12.23344
GCP,southamerica-east1,n2-highmem-16,16,128,1.66368
GCP,southamerica-east1,n2-highmem-2,2,16,0.20796
GCP,southamerica-east1,n2-highmem-32,32,256,3.32736
GCP,southamerica-east1,n2-highmem-4,4,32,0.41592
GCP,southamerica-east1,n2-highmem-48,48,384,4.99104
GCP,southamerica-east1,n2-highmem-64,64,512,6.65472
GCP,southamerica-east1,n2-highmem-8,8,64,0.83184
GCP,southamerica-east1,n2-highmem-80,80,640,8.3184
GCP,southamerica-east1,n2-highmem-96,96,768,9.98208
GCP,southamerica-east1,n2-standard-128,128,512,9.86624
GCP,southamerica-east1,n2-standard-16,16,64,1.23328
GCP,southamerica-east1,n2-standard-2,2,8,0.15416
GCP,southamerica-east1,n2-standard-32,32,128,2.46656
GCP,southamerica-east1,n2-standard-4,4,16,0.30832
GCP,southamerica-east1,n2-standard-48,48,192,3.69984
GCP,southamerica-east1,n2-standard-64,64,256,4.93312
GCP,southamerica-east1,n2-standard-8,8,32,0.61664
GCP,southamerica-east1,n2-standard-80,80,320,6.1664
GCP,southamerica-east1,n2-standard-96,96,384,7.39968
GCP,southamerica-east1,n1-megamem-96,96,1433,14.458237
GCP,southamerica-east1,n1-ultramem-160,160,3844,33.8797
GCP,southamerica-east1,n1-ultramem-40,40,961,8.469925
GCP,southamerica-east1,n1-ultramem-80,80,1922,16.93985
GCP,asia-east2,e2-highcpu-16,16,16,0.553755
GCP,asia-east2,e2-highcpu-2,2,2,0.069219
GCP,asia-east2,e2-highcpu-32,32,32,1.107511
GCP,asia-east2,e2-highcpu-4,4,4,0.138439
GCP,asia-east2,e2-highcpu-8,8,8,0.276878
GCP,asia-east2,e2-highmem-16,16,128,1.011871
GCP,asia-east2,e2-highmem-2,2,16,0.126484
GCP,asia-east2,e2-highmem-4,4,32,0.252968
GCP,asia-east2,e2-highmem-8,8,64,0.505936
GCP,asia-east2,e2-medium,2,4,0.0774
GCP,asia-east2,e2-micro,2,1,0.065129
GCP,asia-east2,e2-small,2,2,0.069219
GCP,asia-east2,e2-standard-16,16,64,0.750091
GCP,asia-east2,e2-standard-2,2,8,0.093761
GCP,asia-east2,e2-standard-32,32,128,1.500181
GCP,asia-east2,e2-standard-4,4,16,0.187523
GCP,asia-east2,e2-standard-8,8,32,0.375045
GCP,asia-east2,n1-highcpu-16,16,14,0.793062
GCP,asia-east2,n1-highcpu-2,2,1,0.099131
GCP,asia-east2,n1-highcpu-32,32,28,1.586117
GCP,asia-east2,n1-highcpu-4,4,3,0.198262
GCP,asia-east2,n1-highcpu-64,64,57,3.172234
GCP,asia-east2,n1-highcpu-8,8,7,0.396531
GCP,asia-east2,n1-highcpu-96,96,86,4.758358
GCP,asia-east2,n1-highmem-16,16,104,1.324208
GCP,asia-east2,n1-highmem-2,2,13,0.165526
GCP,asia-east2,n1-highmem-32,32,208,2.648416
GCP,asia-east2,n1-highmem-4,4,26,0.331052
GCP,asia-east2,n1-highmem-64,64,416,5.296832
GCP,asia-east2,n1-highmem-8,8,52,0.662104
GCP,asia-east2,n1-highmem-96,96,624,7.945248
GCP,asia-east2,n1-standard-1,1,3,0.066461
GCP,asia-east2,n1-standard-16,16,60,1.063376
GCP,asia-east2,n1-standard-2,2,7,0.132922
GCP,asia-east2,n1-standard-32,32,120,2.126752
GCP,asia-east2,n1-standard-4,4,15,0.265844
GCP,asia-east2,n1-standard-64,64,240,4.253504
GCP,asia-east2,n1-standard-8,8,30,0.531688
GCP,asia-east2,n1-standard-96,96,360,6.380256
GCP,asia-east2,n2-highcpu-16,16,16,0.802544
GCP,asia-east2,n2-highcpu-2,2,2,0.100318
GCP,asia-east2,n2-highcpu-32,32,32,1.605088
GCP,asia-east2,n2-highcpu-4,4,4,0.200636
GCP,asia-east2,n2-highcpu-48,48,48,2.407632
GCP,asia-east2,n2-highcpu-64,64,64,3.210176
GCP,asia-east2,n2-highcpu-8,8,8,0.401272
GCP,asia-east2,n2-highcpu-80,80,80,4.01272
GCP,asia-east2,n2-highcpu-96,96,96,4.815264
GCP,asia-east2,n2-highmem-128,128,864,10.78336
GCP,asia-east2,n2-highmem-16,16,128,1.46648
GCP,asia-east2,n2-highmem-2,2,16,0.18331
GCP,asia-east2,n2-highmem-32,32,256,2.93296
GCP,asia-east2,n2-highmem-4,4,32,0.36662
GCP,asia-east2,n2-highmem-48,48,384,4.39944
GCP,asia-east2,n2-highmem-64,64,512,5.86592
GCP,asia-east2,n2-highmem-8,8,64,0.73324
GCP,asia-east2,n2-highmem-80,80,640,7.3324
GCP,asia-east2,n2-highmem-96,96,768,8.79888
GCP,asia-east2,n2-standard-128,128,512,8.696704
GCP,asia-east2,n2-standard-16,16,64,1.087088
GCP,asia-east2,n2-standard-2,2,8,0.135886
GCP,asia-east2,n2-standard-32,32,128,2.174176
GCP,asia-east2,n2-standard-4,4,16,0.271772
GCP,asia-east2,n2-standard-48,48,192,3.261264
GCP,asia-east2,n2-standard-64,64,256,4.348352
GCP,asia-east2,n2-standard-8,8,32,0.543544
GCP,asia-east2,n2-standard-80,80,320,5.43544
GCP,asia-east2,n2-standard-96,96,384,6.522528
GCP,asia-east2,c3-highcpu-176,176,352,10.470173
GCP,asia-east2,c3-highcpu-22,22,44,1.308772
GCP,asia-east2,c3-highcpu-4,4,8,0.237958
GCP,asia-east2,c3-highcpu-44,44,88,2.617543
GCP,asia-east2,c3-highcpu-8,8,16,0.475917
GCP,asia-east2,c3-highcpu-88,88,176,5.235087
